_id,text,created_at,coordinates,source,geo
ObjectId(5728ff53e6ad0c093caad226),"Jug√°rsela a cara o cruz, luchando contigo mismo y forzandote para aguantar, aun q te creas que‚Ä¶ https://t.co/FqeVy6JFfE",2016-05-03T19:43:15.000Z,"{""type"":""Point"",""coordinates"":[-0.3646134,38.44877111]}",Instagram,"{""type"":""Point"",""coordinates"":[38.44877111,-0.3646134]}"
ObjectId(5728ff82e6ad0c093caad227),Festejando el D√≠a de la Santa Cruz (@ Camara Mexicana De La Industria De La Contrucci√≥n (CMIC) - @cmicveracruz) https://t.co/VrXrOxfMKp,2016-05-03T19:44:02.000Z,"{""type"":""Point"",""coordinates"":[-96.10888427,19.15819242]}",Foursquare,"{""type"":""Point"",""coordinates"":[19.15819242,-96.10888427]}"
ObjectId(5728ff84e6ad0c093caad228),@amazingatheist they say you get the leaders you deserve. So what has USA done to deserve either Trump or Clinton???,2016-05-03T19:44:04.000Z,"{""type"":""Point"",""coordinates"":[-3.06576565,53.21676671]}",Twitter for iPhone,"{""type"":""Point"",""coordinates"":[53.21676671,-3.06576565]}"
ObjectId(5728ffbde6ad0c093caad229),"#Trump in 2016 Temp:Crab Orchard, Ky."":61.9¬∞F Wind:3.4mph Pressure: 29.91hpa Steady Rain Today 0.00in.  Forecast: Fine, possible showers",2016-05-03T19:45:02.000Z,"{""type"":""Point"",""coordinates"":[-84.51194444,37.47472222]}",Sandaysoft Cumulus,"{""type"":""Point"",""coordinates"":[37.47472222,-84.51194444]}"
ObjectId(5728ffc3e6ad0c093caad22a),"#tedcruzisthezodiackiller @ Santa Cruz, California https://t.co/L8gVeyM6sB",2016-05-03T19:45:07.000Z,"{""type"":""Point"",""coordinates"":[-122.02638889,36.97194444]}",Instagram,"{""type"":""Point"",""coordinates"":[36.97194444,-122.02638889]}"
ObjectId(5728ffd7e6ad0c093caad22b),Zodiac Killer: Origins https://t.co/rvQa49nFza,2016-05-03T19:45:27.000Z,"{""type"":""Point"",""coordinates"":[-73.98354054,40.68925196]}",Twitter for iPhone,"{""type"":""Point"",""coordinates"":[40.68925196,-73.98354054]}"
ObjectId(57290037e6ad0c093caad22c),Focusing on the beauty of spring rather than petty Trump campaign thingsüëåüèºüå∑ #collegethings‚Ä¶ https://t.co/4DVnxB7phS,2016-05-03T19:47:04.000Z,"{""type"":""Point"",""coordinates"":[-76.49608813,42.42200558]}",Instagram,"{""type"":""Point"",""coordinates"":[42.42200558,-76.49608813]}"
ObjectId(5729007ce6ad0c093caad22d),#crucesdemayo en Santa Cruz. @ Rambla Santa Cruz https://t.co/JIFdBj3EKq,2016-05-03T19:48:12.000Z,"{""type"":""Point"",""coordinates"":[-16.2602823,28.4687272]}",Instagram,"{""type"":""Point"",""coordinates"":[28.4687272,-16.2602823]}"
ObjectId(572900c6e6ad0c093caad22e),@politico Trump is a scumbag...,2016-05-03T19:49:27.000Z,"{""type"":""Point"",""coordinates"":[-81.6681114,26.04169367]}",Twitter for iPad,"{""type"":""Point"",""coordinates"":[26.04169367,-81.6681114]}"
ObjectId(572900dee6ad0c093caad22f),"I'm at California in Santa Cruz, CA https://t.co/57pXUJslpi",2016-05-03T19:49:51.000Z,"{""type"":""Point"",""coordinates"":[-118.4765625,35.71083784]}",Foursquare,"{""type"":""Point"",""coordinates"":[35.71083784,-118.4765625]}"
ObjectId(57290112e6ad0c093caad230),"Quinteo!! #quintadelacruz #friends #familytime #alberca #domingo @ Quinta ""De La Cruz"" https://t.co/NG5tUmzHoh",2016-05-03T19:50:43.000Z,"{""type"":""Point"",""coordinates"":[-100.09220102,25.66213314]}",Instagram,"{""type"":""Point"",""coordinates"":[25.66213314,-100.09220102]}"
ObjectId(57290168e6ad0c093caad231),"@seanhannnity 
100 muslims arrested in fla4 child abuse r the disney&amp;other workers CRUZ brought here 2 take am jobs
Shd live on his street",2016-05-03T19:52:08.000Z,"{""type"":""Point"",""coordinates"":[-74.7028583,39.8935361]}",Twitter for Android,"{""type"":""Point"",""coordinates"":[39.8935361,-74.7028583]}"
ObjectId(57290187e6ad0c093caad232),"Against @ggreenwald Resigning to Public ""Suffering"" of Trump and Clinton https://t.co/XFmAiAGmn3 @votepact",2016-05-03T19:52:40.000Z,"{""type"":""Point"",""coordinates"":[-77.03172234,38.89711375]}",Twitter for iPhone,"{""type"":""Point"",""coordinates"":[38.89711375,-77.03172234]}"
ObjectId(5729019ee6ad0c093caad233),Cuc√∫ cantaba la rana...üéºüéºüéºüé§ @ Rambla Santa Cruz https://t.co/vvSpOhH8ab,2016-05-03T19:53:02.000Z,"{""type"":""Point"",""coordinates"":[-16.2602823,28.4687272]}",Instagram,"{""type"":""Point"",""coordinates"":[28.4687272,-16.2602823]}"
ObjectId(572901f1e6ad0c093caad234),"@seanhannnity 
He alienated TRUMP supporters 
I dont watch or listen
Its SAVAGE &amp;Dupree 4HONEST reports 
He gives obscure poll results",2016-05-03T19:54:26.000Z,"{""type"":""Point"",""coordinates"":[-74.7028583,39.8935361]}",Twitter for Android,"{""type"":""Point"",""coordinates"":[39.8935361,-74.7028583]}"
ObjectId(572901f2e6ad0c093caad235),Bad day (@ Cruz Roja Ecuatoriana oficina nacional Del Programa Principios Fundamentales Y Valores Humanitarios) https://t.co/33I73VnlZb,2016-05-03T19:54:26.000Z,"{""type"":""Point"",""coordinates"":[-78.50371473,-0.21647347]}",Foursquare,"{""type"":""Point"",""coordinates"":[-0.21647347,-78.50371473]}"
ObjectId(57290213e6ad0c093caad236),"Templo de la Cruz - Santiago de Quer√©taro - Mexico
#mexic #m√®xic #mexico #m√©xico #quer√©taro‚Ä¶ https://t.co/gx7GcbcmfO",2016-05-03T19:55:00.000Z,"{""type"":""Point"",""coordinates"":[-100.3907915,20.5552053]}",Instagram,"{""type"":""Point"",""coordinates"":[20.5552053,-100.3907915]}"
ObjectId(57290220e6ad0c093caad237),Just posted a photo @ Rambla Santa Cruz https://t.co/BspfUw5hAs,2016-05-03T19:55:12.000Z,"{""type"":""Point"",""coordinates"":[-16.2602823,28.4687272]}",Instagram,"{""type"":""Point"",""coordinates"":[28.4687272,-16.2602823]}"
ObjectId(57290291e6ad0c093caad238),K and I dropped in to see the Prez and Michelle. B told us that even HE will move to Canada if Trump wins! https://t.co/7fY1aQNqIE,2016-05-03T19:57:06.000Z,"{""type"":""Point"",""coordinates"":[-77.03656733,38.89768802]}",Foursquare,"{""type"":""Point"",""coordinates"":[38.89768802,-77.03656733]}"
ObjectId(57290296e6ad0c093caad239),Just posted a photo @ Rambla Santa Cruz https://t.co/XvJcpm6h0p,2016-05-03T19:57:10.000Z,"{""type"":""Point"",""coordinates"":[-16.2602823,28.4687272]}",Instagram,"{""type"":""Point"",""coordinates"":[28.4687272,-16.2602823]}"
ObjectId(572902b3e6ad0c093caad23a),"un chavico pa la cruz
(y secuestros gratuitos) @ Mirador de San Crist√≥bal, Albaic√≠n, Granada https://t.co/u2iH1yVDRk",2016-05-03T19:57:40.000Z,"{""type"":""Point"",""coordinates"":[-3.59578,37.1830799]}",Instagram,"{""type"":""Point"",""coordinates"":[37.1830799,-3.59578]}"
ObjectId(572902e8e6ad0c093caad23b),"Ermita Cruz del Carmen #la_magua 

#igerscanarias #canaryislands #landscape #laurisilva #nature‚Ä¶ https://t.co/y26M7adacO",2016-05-03T19:58:33.000Z,"{""type"":""Point"",""coordinates"":[-16.75500142,28.14275277]}",Instagram,"{""type"":""Point"",""coordinates"":[28.14275277,-16.75500142]}"
ObjectId(572938eae6ad0c093caad23c),What Americans need now is a great big butt-whupping from Teddy Roosevelt. He‚Äôd probably straight up deck Trump on the debate stage.,2016-05-03T23:48:59.000Z,"{""type"":""Point"",""coordinates"":[-87.49763092,33.17448512]}",Tweetbot for iŒüS,"{""type"":""Point"",""coordinates"":[33.17448512,-87.49763092]}"
ObjectId(57293911e6ad0c093caad23d),"The best friend of evil is stupidity.
There is an evil stupidity sweeping America, and that evil stupidity is voting #Trump.",2016-05-03T23:49:38.000Z,"{""type"":""Point"",""coordinates"":[-2.1183654,53.3898601]}",Twitter for Android Tablets,"{""type"":""Point"",""coordinates"":[53.3898601,-2.1183654]}"
ObjectId(5729391fe6ad0c093caad23e),"@DanScavino @nepafortrump @EricTrump @FoxNews @realDonaldTrump FANTASTIC WIN,  Cheers Mr. TRUMP,,",2016-05-03T23:49:52.000Z,"{""type"":""Point"",""coordinates"":[-78.71119827,42.81176634]}",Twitter for Android Tablets,"{""type"":""Point"",""coordinates"":[42.81176634,-78.71119827]}"
ObjectId(5729396fe6ad0c093caad23f),"I'm at Morro da Cruz in Porto Alegre, RS https://t.co/SasQp8D3s0",2016-05-03T23:51:12.000Z,"{""type"":""Point"",""coordinates"":[-51.16164565,-30.07000389]}",Foursquare,"{""type"":""Point"",""coordinates"":[-30.07000389,-51.16164565]}"
ObjectId(57293977e6ad0c093caad240),"#Physician in #SantaCruz, CA: Ophthalmic Technician I-Ophthalmology-Santa Cruz at Palo Alto Medical Foundation https://t.co/3i08fACZJ0",2016-05-03T23:51:20.000Z,"{""type"":""Point"",""coordinates"":[-122.0307963,36.9741171]}",SafeTweet by TweetMyJOBS,"{""type"":""Point"",""coordinates"":[36.9741171,-122.0307963]}"
ObjectId(57293995e6ad0c093caad241),D√≠a de la Santa Cruz @ Angangueo Michoacan Santuario De La Mariposa Monarca https://t.co/e2hhZ9ytqV,2016-05-03T23:51:50.000Z,"{""type"":""Point"",""coordinates"":[-100.2916588,19.6147713]}",Instagram,"{""type"":""Point"",""coordinates"":[19.6147713,-100.2916588]}"
ObjectId(572939dae6ad0c093caad242),"@PatDollard @tedcruz @marklevinshow GO TRUMP,,CHEERS,MR.TRUMP,WOW Fantastic WIN,.loves Indy...",2016-05-03T23:52:59.000Z,"{""type"":""Point"",""coordinates"":[-78.71120801,42.81177944]}",Twitter for Android Tablets,"{""type"":""Point"",""coordinates"":[42.81177944,-78.71120801]}"
ObjectId(572939e0e6ad0c093caad243),"'Cruz' empieza a ser Tendencia, con 565811 tweets, ocupando la 20¬™ posici√≥n en Rep√∫blica Dominicana. M√°s en https://t.co/b28Rg0WjMN",2016-05-03T23:53:05.000Z,"{""type"":""Point"",""coordinates"":[-69.9405,18.4867]}",Es Tendencia en Dominicana,"{""type"":""Point"",""coordinates"":[18.4867,-69.9405]}"
ObjectId(57293a59e6ad0c093caad244),@TekXio @DavidAFrench Trump would certainly do much worse than McCarthy ever dreamed.,2016-05-03T23:55:06.000Z,"{""type"":""Point"",""coordinates"":[-87.49773143,33.17432265]}",Tweetbot for iŒüS,"{""type"":""Point"",""coordinates"":[33.17432265,-87.49773143]}"
ObjectId(57293a7de6ad0c093caad245),@ByBen_ @savvyliterate I'll throw you against Trump's wall.,2016-05-03T23:55:42.000Z,"{""type"":""Point"",""coordinates"":[-76.97291458,40.27754557]}",Talon Plus,"{""type"":""Point"",""coordinates"":[40.27754557,-76.97291458]}"
ObjectId(57293a94e6ad0c093caad246),"‚öì @ Puerto la Cruz, Venezuela https://t.co/OsxjUApHJ9",2016-05-03T23:56:04.000Z,"{""type"":""Point"",""coordinates"":[-64.6167,10.2167]}",Instagram,"{""type"":""Point"",""coordinates"":[10.2167,-64.6167]}"
ObjectId(57293a99e6ad0c093caad247),Y sigue re√±ido esto...üò°üòâüòÅ @ Rancho La Cruz https://t.co/sN4cGDGVDb,2016-05-03T23:56:10.000Z,"{""type"":""Point"",""coordinates"":[-100.79808395,20.4577746]}",Instagram,"{""type"":""Point"",""coordinates"":[20.4577746,-100.79808395]}"
ObjectId(57293ab1e6ad0c093caad248),DECISION 2016: NBC News projects Donald Trump will win the Indiana GOP primary. https://t.co/sA6CMr8XSu,2016-05-03T23:56:34.000Z,"{""type"":""Point"",""coordinates"":[-77.03733586,38.90181532]}",dlvr.it,"{""type"":""Point"",""coordinates"":[38.90181532,-77.03733586]}"
ObjectId(57293ab1e6ad0c093caad249),Donald Trump is the GOP's nominee ‚Äî it's time for Cruz and Kasich to drop out https://t.co/oCEVtAceGo,2016-05-03T23:56:34.000Z,"{""type"":""Point"",""coordinates"":[-74.00001602,40.71669795]}",dlvr.it,"{""type"":""Point"",""coordinates"":[40.71669795,-74.00001602]}"
ObjectId(57293adde6ad0c093caad24a),"@slone FANTASTIC WIN,,,GO TRUMP,,",2016-05-03T23:57:18.000Z,"{""type"":""Point"",""coordinates"":[-78.71120072,42.8117681]}",Twitter for Android Tablets,"{""type"":""Point"",""coordinates"":[42.8117681,-78.71120072]}"
ObjectId(57293b51e6ad0c093caad24b),"@Jane_from_CO @jpodhoretz @stephenfhayes WHATEVER,,will Not argue,,HAPPY,FANTASTIC WIN,,CHEERS to Mr. TRUMP,,",2016-05-03T23:59:14.000Z,"{""type"":""Point"",""coordinates"":[-78.71120072,42.8117681]}",Twitter for Android Tablets,"{""type"":""Point"",""coordinates"":[42.8117681,-78.71120072]}"
ObjectId(57293b5ce6ad0c093caad24c),I'm at Ramblas de Santa Cruz in Santa Cruz de Tenerife https://t.co/TWX3DHL87F,2016-05-03T23:59:25.000Z,"{""type"":""Point"",""coordinates"":[-16.24793069,28.47681831]}",Foursquare,"{""type"":""Point"",""coordinates"":[28.47681831,-16.24793069]}"
ObjectId(57293b63e6ad0c093caad24d),Solo en @santacruzhotel #colchagua #chile #huaso @ Hotel Santa Cruz Plaza https://t.co/yv7haWTyhd,2016-05-03T23:59:32.000Z,"{""type"":""Point"",""coordinates"":[-71.36490453,-34.64002045]}",Instagram,"{""type"":""Point"",""coordinates"":[-34.64002045,-71.36490453]}"
ObjectId(57293b80e6ad0c093caad24e),"#Trump in 2016 Temp:Crab Orchard, Ky."":58.5¬∞F Wind:2.0mph Pressure: 29.88hpa Falling slowly Rain Today 0.00in.  Forecast: Occasional precip",2016-05-04T00:00:01.000Z,"{""type"":""Point"",""coordinates"":[-84.51194444,37.47472222]}",Sandaysoft Cumulus,"{""type"":""Point"",""coordinates"":[37.47472222,-84.51194444]}"
ObjectId(57293b8be6ad0c093caad24f),"6. Indiana
7. Donald Trump
8. Zayn e Gigi
9. #ThankYou1D
10. #PortaAporta

2016/5/4 01:58 CEST #trndnl https://t.co/1z2nx2qb8e",2016-05-04T00:00:12.000Z,"{""type"":""Point"",""coordinates"":[12.4958,41.9031]}",Tendenze Italia,"{""type"":""Point"",""coordinates"":[41.9031,12.4958]}"
ObjectId(57293b93e6ad0c093caad250),"@richmond_ron @HouseCracka FANTASTIC WIN,,CHEERS to Mr. TRUMP,,,WOW,,",2016-05-04T00:00:20.000Z,"{""type"":""Point"",""coordinates"":[-78.71119506,42.8117652]}",Twitter for Android Tablets,"{""type"":""Point"",""coordinates"":[42.8117652,-78.71119506]}"
ObjectId(57293b97e6ad0c093caad251),"I‚Äôve heard a lot of dumb things this election cycle, but this is near the top. https://t.co/qGzwPWPexC",2016-05-04T00:00:23.000Z,"{""type"":""Point"",""coordinates"":[-87.49772969,33.17423407]}",Tweetbot for iŒüS,"{""type"":""Point"",""coordinates"":[33.17423407,-87.49772969]}"
ObjectId(57293be0e6ad0c093caad252),"I'm at Cruz das Almas in Macei√≥, AL https://t.co/31FHB8WvwR",2016-05-04T00:01:36.000Z,"{""type"":""Point"",""coordinates"":[-35.70094334,-9.63545381]}",Foursquare,"{""type"":""Point"",""coordinates"":[-9.63545381,-35.70094334]}"
ObjectId(57293c19e6ad0c093caad253),"I'm at Cruz Alta in Cruz Alta, RS https://t.co/8Rh9HSosyE",2016-05-04T00:02:34.000Z,"{""type"":""Point"",""coordinates"":[-53.60632799,-28.6427392]}",Foursquare,"{""type"":""Point"",""coordinates"":[-28.6427392,-53.60632799]}"
ObjectId(57293c34e6ad0c093caad254),"I'm at Praia de Cruz das Almas in Macei√≥, AL https://t.co/YbkDeu7szN",2016-05-04T00:03:01.000Z,"{""type"":""Point"",""coordinates"":[-35.69757725,-9.6321589]}",Foursquare,"{""type"":""Point"",""coordinates"":[-9.6321589,-35.69757725]}"
ObjectId(57293c64e6ad0c093caad255),‚Äú@word_34: Jeff Weaver is on CNN attacking the Democratic Party - again.‚Äù He is reason enough not to vote for Bernie! Is he on Trump payroll,2016-05-04T00:03:49.000Z,"{""type"":""Point"",""coordinates"":[-74.31562645,42.0882409]}",Twitter for iPhone,"{""type"":""Point"",""coordinates"":[42.0882409,-74.31562645]}"
ObjectId(57293c81e6ad0c093caad256),"#TBT #lifemusic #nightconcert @nochedebrujas @ Santa Cruz de la Sierra, Bolivia https://t.co/lm60tz8RlQ",2016-05-04T00:04:17.000Z,"{""type"":""Point"",""coordinates"":[-63.1667,-17.8]}",Instagram,"{""type"":""Point"",""coordinates"":[-17.8,-63.1667]}"
ObjectId(57293caae6ad0c093caad257),"#Hospitality #Job in #Miami, FL: Banquet Houseperson- (Part Time) at Trump Hotel Collection https://t.co/gILQQNRIar #Jobs #Hiring",2016-05-04T00:04:58.000Z,"{""type"":""Point"",""coordinates"":[-80.3398263,25.8140411]}",TweetMyJOBS,"{""type"":""Point"",""coordinates"":[25.8140411,-80.3398263]}"
ObjectId(57293cc3e6ad0c093caad258),"Found a basketball ring!

#mplsparks #cruz @ Pearl Park https://t.co/5OaebNrZau",2016-05-04T00:05:24.000Z,"{""type"":""Point"",""coordinates"":[-93.26866256,44.90561785]}",Instagram,"{""type"":""Point"",""coordinates"":[44.90561785,-93.26866256]}"
ObjectId(57293cc7e6ad0c093caad259),"#TBT #lifemusic #nightconcert @nochedebrujas @ Santa Cruz de la Sierra, Bolivia https://t.co/rAQAkwTMji",2016-05-04T00:05:28.000Z,"{""type"":""Point"",""coordinates"":[-63.1667,-17.8]}",Instagram,"{""type"":""Point"",""coordinates"":[-17.8,-63.1667]}"
ObjectId(57293ce1e6ad0c093caad25a),#Election2016History https://t.co/Qw4tkvBHQI,2016-05-04T00:05:53.000Z,"{""type"":""Point"",""coordinates"":[-76.62612794,40.28828829]}",TweetCaster for Android,"{""type"":""Point"",""coordinates"":[40.28828829,-76.62612794]}"
ObjectId(57293cf7e6ad0c093caad25b),Recordando el d√≠a q entre a #ypct #rolandosaucedo #carlesgali #patryjordan @ Santa Cruz de la‚Ä¶ https://t.co/0r61qvoiFu,2016-05-04T00:06:16.000Z,"{""type"":""Point"",""coordinates"":[-63.1667,-17.8]}",Instagram,"{""type"":""Point"",""coordinates"":[-17.8,-63.1667]}"
ObjectId(57293d16e6ad0c093caad25c),We just lived through the best two weeks of Trump's life.  https://t.co/apMmuBBRow,2016-05-04T00:06:47.000Z,"{""type"":""Point"",""coordinates"":[-73.971836,40.798598]}",pbump.net,"{""type"":""Point"",""coordinates"":[40.798598,-73.971836]}"
ObjectId(57293d48e6ad0c093caad25d),"Cron is done with election news, Trump won, lets watch Lassie? @ Germantown, Tennessee https://t.co/oYBy8qmAFC",2016-05-04T00:07:37.000Z,"{""type"":""Point"",""coordinates"":[-89.794,35.089]}",Instagram,"{""type"":""Point"",""coordinates"":[35.089,-89.794]}"
ObjectId(57293d90e6ad0c093caad25e),@tedcruz  go right after his family Trump has two grown sons who never served in the military also they are big game Hunters trumpmenrweak,2016-05-04T00:08:49.000Z,"{""type"":""Point"",""coordinates"":[-88.2178921,41.7901638]}",Twitter for Android,"{""type"":""Point"",""coordinates"":[41.7901638,-88.2178921]}"
ObjectId(57293da1e6ad0c093caad25f),Two pairs of tiny hands. https://t.co/odSaFSvxa4,2016-05-04T00:09:06.000Z,"{""type"":""Point"",""coordinates"":[-76.62612794,40.28828829]}",TweetCaster for Android,"{""type"":""Point"",""coordinates"":[40.28828829,-76.62612794]}"
ObjectId(57293dace6ad0c093caad260),I AM SKYNET https://t.co/brSPVBnHp7,2016-05-04T00:09:16.000Z,"{""type"":""Point"",""coordinates"":[-78.90014889,35.99667854]}",Tweetbot for iŒüS,"{""type"":""Point"",""coordinates"":[35.99667854,-78.90014889]}"
ObjectId(57293dace6ad0c093caad261),Despondent Cruz fans wait to hear their candidate after he was routed in Indiana. @‚Ä¶ https://t.co/xN50SvNjKB,2016-05-04T00:09:17.000Z,"{""type"":""Point"",""coordinates"":[-86.1477,39.7909]}",Instagram,"{""type"":""Point"",""coordinates"":[39.7909,-86.1477]}"
ObjectId(57293dfde6ad0c093caad262),Bendito calor...üòÖ @ Rancho La Cruz https://t.co/eHSUzdLr5M,2016-05-04T00:10:38.000Z,"{""type"":""Point"",""coordinates"":[-100.79808395,20.4577746]}",Instagram,"{""type"":""Point"",""coordinates"":[20.4577746,-100.79808395]}"
ObjectId(57293e4de6ad0c093caad263),I'm at Ramblas de Santa Cruz in Santa Cruz de Tenerife w/ @curropar https://t.co/yqRtaIYuLJ,2016-05-04T00:11:58.000Z,"{""type"":""Point"",""coordinates"":[-16.24793069,28.47681831]}",Foursquare,"{""type"":""Point"",""coordinates"":[28.47681831,-16.24793069]}"
ObjectId(57293e52e6ad0c093caad264),@FoxNews @oreillyfactor @tedcruz @realDonaldTrump Trump running slightly ahead of Hillary and Bernie. COMBINED,2016-05-04T00:12:03.000Z,"{""type"":""Point"",""coordinates"":[-80.13256597,39.50102479]}",Twitter for iPad,"{""type"":""Point"",""coordinates"":[39.50102479,-80.13256597]}"
ObjectId(57293e55e6ad0c093caad265),"~ Donald Trump wins Indiana Republican primary, Fox News projects. @FOX4 https://t.co/9Gnj3qdu87",2016-05-04T00:12:06.000Z,"{""type"":""Point"",""coordinates"":[-96.77401775,32.79755357]}",dlvr.it,"{""type"":""Point"",""coordinates"":[32.79755357,-96.77401775]}"
ObjectId(57293e57e6ad0c093caad266),Donald Trump is the projected winner in Indiana per NBC News Decision2016 https://t.co/zDx9zA1RvF,2016-05-04T00:12:08.000Z,"{""type"":""Point"",""coordinates"":[-96.77401775,32.79755357]}",dlvr.it,"{""type"":""Point"",""coordinates"":[32.79755357,-96.77401775]}"
ObjectId(57293e59e6ad0c093caad267),Donald J. Trump wins Indiana primary in potential knockout blow https://t.co/1Ogon8YkSX,2016-05-04T00:12:10.000Z,"{""type"":""Point"",""coordinates"":[-106.4855885,31.76017093]}",dlvr.it,"{""type"":""Point"",""coordinates"":[31.76017093,-106.4855885]}"
ObjectId(57293e77e6ad0c093caad268),"Go Donald Go!
Con victoria en #Indiana, Donald #Trump se sit√∫a a s√≥lo 196 delegados de la candidatura republicana https://t.co/bbadKez5w4",2016-05-04T00:12:40.000Z,"{""type"":""Point"",""coordinates"":[-70.6107114,-33.429148]}",Twitter for Android,"{""type"":""Point"",""coordinates"":[-33.429148,-70.6107114]}"
ObjectId(57293ec7e6ad0c093caad269),"#Repost @nelsontorcate with repostapp
„Éª„Éª„Éª
Jose De La Cruz Carrillo #VenezolanoEjemplar #Memoria‚Ä¶ https://t.co/ZkwPw87ODS",2016-05-04T00:14:00.000Z,"{""type"":""Point"",""coordinates"":[-69.30913515,10.06842373]}",Instagram,"{""type"":""Point"",""coordinates"":[10.06842373,-69.30913515]}"
ObjectId(57293ee2e6ad0c093caad26a),"Damn... who invited Trump? @ New York Mets ! Citi Field Queens, NY https://t.co/yZEbMzj1gG",2016-05-04T00:14:27.000Z,"{""type"":""Point"",""coordinates"":[-73.84594465,40.75686921]}",Instagram,"{""type"":""Point"",""coordinates"":[40.75686921,-73.84594465]}"
ObjectId(57293ef4e6ad0c093caad26b),"@billmaher hopefully Hillary can knock ""fake trump"" off in the same manner.",2016-05-04T00:14:45.000Z,"{""type"":""Point"",""coordinates"":[-79.69395687,43.99168963]}",Twitter for Android,"{""type"":""Point"",""coordinates"":[43.99168963,-79.69395687]}"
ObjectId(57293f04e6ad0c093caad26c),"#Trump in 2016 Temp:Crab Orchard, Ky."":58.1¬∞F Wind:1.6mph Pressure: 29.88hpa Falling slowly Rain Today 0.00in.  Forecast: Occasional precip",2016-05-04T00:15:01.000Z,"{""type"":""Point"",""coordinates"":[-84.51194444,37.47472222]}",Sandaysoft Cumulus,"{""type"":""Point"",""coordinates"":[37.47472222,-84.51194444]}"
ObjectId(57293f1ae6ad0c093caad26d),"Worororking. (at @VerveCoffee Roasters in Santa Cruz, CA) https://t.co/iBdzzUqzWe",2016-05-04T00:15:22.000Z,"{""type"":""Point"",""coordinates"":[-122.02670424,36.97619752]}",Foursquare,"{""type"":""Point"",""coordinates"":[36.97619752,-122.02670424]}"
ObjectId(57293f78e6ad0c093caad26e),Saquen las retas de lol o halo üòåüòÖüòäüòä @ Colonia Santa Cruz Acayucan https://t.co/nv3NcKTwPI,2016-05-04T00:16:57.000Z,"{""type"":""Point"",""coordinates"":[-99.19394005,19.47462635]}",Instagram,"{""type"":""Point"",""coordinates"":[19.47462635,-99.19394005]}"
ObjectId(57293fbbe6ad0c093caad26f),"Trump says Cruz Sr. was in on the JFK assassination
I never believed anyone
Could divide us more than BO

Trump's taken nasty to a new level",2016-05-04T00:18:03.000Z,"{""type"":""Point"",""coordinates"":[-95.49449434,30.24382391]}",Twitter for iPad,"{""type"":""Point"",""coordinates"":[30.24382391,-95.49449434]}"
ObjectId(57294002e6ad0c093caad270),n√£o deixa pra amanh√£ @ Centro Santa Cruz  do Sul https://t.co/3IdUe3waja,2016-05-04T00:19:15.000Z,"{""type"":""Point"",""coordinates"":[-52.42773865,-29.72050153]}",Instagram,"{""type"":""Point"",""coordinates"":[-29.72050153,-52.42773865]}"
ObjectId(5729402de6ad0c093caad271),Republicans have a massive electoral map problem that has nothing to do with @realDonaldTrump https://t.co/2RZKBA02kx,2016-05-04T00:19:58.000Z,"{""type"":""Point"",""coordinates"":[-116.528409,33.816625]}",iOS,"{""type"":""Point"",""coordinates"":[33.816625,-116.528409]}"
ObjectId(57294031e6ad0c093caad272),"I'm at Morro da Cruz in Porto Alegre, RS https://t.co/Y9Uc7F9xQJ",2016-05-04T00:20:02.000Z,"{""type"":""Point"",""coordinates"":[-51.16164565,-30.07000389]}",Foursquare,"{""type"":""Point"",""coordinates"":[-30.07000389,-51.16164565]}"
ObjectId(5729403ae6ad0c093caad273),"6. Indiana
7. Donald Trump
8. Zayn e Gigi
9. Emma Watson
10. #ThankYou1D

2016/5/4 02:18 CEST #trndnl https://t.co/1z2nx2qb8e",2016-05-04T00:20:11.000Z,"{""type"":""Point"",""coordinates"":[12.4958,41.9031]}",Tendenze Italia,"{""type"":""Point"",""coordinates"":[41.9031,12.4958]}"
ObjectId(57294098e6ad0c093caad274),The Donald is shocking the world üòÇüòÇüòÇüòÇ #cnn #trump #repost #news #dj #djlife #djinquisit @‚Ä¶ https://t.co/4f1Ywmfy4z,2016-05-04T00:21:45.000Z,"{""type"":""Point"",""coordinates"":[50.5833,26.2167]}",Instagram,"{""type"":""Point"",""coordinates"":[26.2167,50.5833]}"
ObjectId(572940ade6ad0c093caad275),@PresElectNews you haven't added the Pennsylvania district's delegates for Trump,2016-05-04T00:22:06.000Z,"{""type"":""Point"",""coordinates"":[-93.2307072,44.9359938]}",Twitter for Android,"{""type"":""Point"",""coordinates"":[44.9359938,-93.2307072]}"
ObjectId(572940b1e6ad0c093caad276),"I'm at Panader√≠a La Cruz in Mexico City, Iztacalco https://t.co/pD1AmHeAcs",2016-05-04T00:22:09.000Z,"{""type"":""Point"",""coordinates"":[-99.11710739,19.40185509]}",Foursquare,"{""type"":""Point"",""coordinates"":[19.40185509,-99.11710739]}"
ObjectId(572940c4e6ad0c093caad277),05.01.16  |  LV x DJ30 @ Trump International Hotel Las Vegas https://t.co/PkidhPxKJy,2016-05-04T00:22:29.000Z,"{""type"":""Point"",""coordinates"":[-115.1725923,36.12901915]}",Instagram,"{""type"":""Point"",""coordinates"":[36.12901915,-115.1725923]}"
ObjectId(572940c4e6ad0c093caad278),@smerconish isn't vetting Trump your job? @CNN @andersoncooper @TaraSetmayer,2016-05-04T00:22:29.000Z,"{""type"":""Point"",""coordinates"":[-77.6586366,39.6674116]}",Twitter for Android,"{""type"":""Point"",""coordinates"":[39.6674116,-77.6586366]}"
ObjectId(572940c7e6ad0c093caad279),"#TBT #lifemusic #nightconcert #guitarman @ladecadentes @ Santa Cruz de la Sierra, Bolivia https://t.co/NFtgtpMW2r",2016-05-04T00:22:32.000Z,"{""type"":""Point"",""coordinates"":[-63.1667,-17.8]}",Instagram,"{""type"":""Point"",""coordinates"":[-17.8,-63.1667]}"
ObjectId(572940c7e6ad0c093caad27a),"@ana9725 jajaja ven, a√∫n queda. Vivo a tres cuadras de la cruz roja. üòè https://t.co/ZS62VTmmKS",2016-05-04T00:22:32.000Z,"{""type"":""Point"",""coordinates"":[-108.46347,25.561255]}",Twitter for Windows Phone,"{""type"":""Point"",""coordinates"":[25.561255,-108.46347]}"
ObjectId(5729412fe6ad0c093caad27b),"Enfermo 24/7 üò∑ @ El Remanso, Exaltaci√≥n De La Cruz. https://t.co/HTGNn9th9i",2016-05-04T00:24:16.000Z,"{""type"":""Point"",""coordinates"":[-59.09075569,-34.38719959]}",Instagram,"{""type"":""Point"",""coordinates"":[-34.38719959,-59.09075569]}"
ObjectId(57294145e6ad0c093caad27c),"#TBT #lifemusic #nightconcert #vocalist @ladecadentes @ Santa Cruz de la Sierra, Bolivia https://t.co/qaQZCo9aed",2016-05-04T00:24:37.000Z,"{""type"":""Point"",""coordinates"":[-63.1667,-17.8]}",Instagram,"{""type"":""Point"",""coordinates"":[-17.8,-63.1667]}"
ObjectId(572941ade6ad0c093caad27d),@kasie there is a Trump phenomenon. The Clintons have never seen such a movements since 2008. #NomoreClintons,2016-05-04T00:26:22.000Z,"{""type"":""Point"",""coordinates"":[-77.1628544,38.92125666]}",Twitter for iPhone,"{""type"":""Point"",""coordinates"":[38.92125666,-77.1628544]}"
ObjectId(572941c9e6ad0c093caad27e),"#TBT #lifemusic #nightconcert #vocalist @joeymontanat @ Santa Cruz de la Sierra, Bolivia https://t.co/jmmb5jc3Fw",2016-05-04T00:26:50.000Z,"{""type"":""Point"",""coordinates"":[-63.1667,-17.8]}",Instagram,"{""type"":""Point"",""coordinates"":[-17.8,-63.1667]}"
ObjectId(572941c9e6ad0c093caad27f),The deed is done https://t.co/jF3KBXJqPJ,2016-05-04T00:26:50.000Z,"{""type"":""Point"",""coordinates"":[-122.40077829,37.7916358]}",Tweetbot for iŒüS,"{""type"":""Point"",""coordinates"":[37.7916358,-122.40077829]}"
ObjectId(57294220e6ad0c093caad280),"@DTlalpan @SEDEMA_CDMX @TlalpanVecinos en contingencia y capilla santa cruz con cohetones y toritos,  no deber√≠a de estar prohibido?",2016-05-04T00:28:17.000Z,"{""type"":""Point"",""coordinates"":[-99.14648,19.294839]}",Twitter for Android,"{""type"":""Point"",""coordinates"":[19.294839,-99.14648]}"
ObjectId(5729423fe6ad0c093caad281),"I'm at Parroquia, Santa Cruz de Jerusal√©n in Mexico, d.f., M√©xico https://t.co/ayFkhrCtZB",2016-05-04T00:28:48.000Z,"{""type"":""Point"",""coordinates"":[-99.16114261,19.3697989]}",Foursquare,"{""type"":""Point"",""coordinates"":[19.3697989,-99.16114261]}"
ObjectId(57294252e6ad0c093caad282),"@HallWhalla
It was an anti Trump Super PAC
That would support any RINO or conservative over Trump.",2016-05-04T00:29:06.000Z,"{""type"":""Point"",""coordinates"":[-95.49456844,30.24387561]}",Twitter for iPad,"{""type"":""Point"",""coordinates"":[30.24387561,-95.49456844]}"
ObjectId(5729427ee6ad0c093caad283),"I'm at Santa Cruz in Salvador, Bahia https://t.co/t8cGCNqdL3",2016-05-04T00:29:51.000Z,"{""type"":""Point"",""coordinates"":[-38.47643718,-13.00474755]}",Foursquare,"{""type"":""Point"",""coordinates"":[-13.00474755,-38.47643718]}"
ObjectId(57294294e6ad0c093caad284),RIP Ted Cruz 1968-2016 https://t.co/xi1lh6fRUx,2016-05-04T00:30:13.000Z,"{""type"":""Point"",""coordinates"":[-73.99447187,40.66359712]}",Tweetbot for Mac,"{""type"":""Point"",""coordinates"":[40.66359712,-73.99447187]}"
ObjectId(572942f4e6ad0c093caad285),"Welp, time to accept the fact that Donald Trump is going to be our next President üòê",2016-05-04T00:31:48.000Z,"{""type"":""Point"",""coordinates"":[-88.61043644,44.0719556]}",Twitter for iPhone,"{""type"":""Point"",""coordinates"":[44.0719556,-88.61043644]}"
ObjectId(57294301e6ad0c093caad286),Stop talking #Cruz,2016-05-04T00:32:02.000Z,"{""type"":""Point"",""coordinates"":[-78.77239812,42.96131751]}",Twitter for iPhone,"{""type"":""Point"",""coordinates"":[42.96131751,-78.77239812]}"
ObjectId(57294386e6ad0c093caad287),Cruz drops out. I did &amp; didn't see that coming. #IndianaPrimary,2016-05-04T00:34:14.000Z,"{""type"":""Point"",""coordinates"":[-82.80357772,39.92138098]}",Twitter for iPhone,"{""type"":""Point"",""coordinates"":[39.92138098,-82.80357772]}"
ObjectId(57294389e6ad0c093caad288),Shut up America! Ted Cruz is speaking.,2016-05-04T00:34:18.000Z,"{""type"":""Point"",""coordinates"":[-123.0735054,44.0182686]}",Twitter for Android,"{""type"":""Point"",""coordinates"":[44.0182686,-123.0735054]}"
ObjectId(57294394e6ad0c093caad289),"BREAKING: Ted Cruz drops out of GOP race, stating he wants to spend more time at Lake Berryessa",2016-05-04T00:34:29.000Z,"{""type"":""Point"",""coordinates"":[-73.99488183,40.66341399]}",Tweetbot for Mac,"{""type"":""Point"",""coordinates"":[40.66341399,-73.99488183]}"
ObjectId(5729446ce6ad0c093caad28a),"I'm at Pra√ßa do Gin√°sio Municipal in Cruz Alta, RS https://t.co/IFhjKJuNe0",2016-05-04T00:38:05.000Z,"{""type"":""Point"",""coordinates"":[-53.60986523,-28.64403606]}",Foursquare,"{""type"":""Point"",""coordinates"":[-28.64403606,-53.60986523]}"
ObjectId(5729446de6ad0c093caad28b),Or anyone not named Ted Cruz.... https://t.co/LGvCBJ463G,2016-05-04T00:38:06.000Z,"{""type"":""Point"",""coordinates"":[-76.62612794,40.28828829]}",TweetCaster for Android,"{""type"":""Point"",""coordinates"":[40.28828829,-76.62612794]}"
ObjectId(572944f6e6ad0c093caad28c),"RT @DomPerinyon: BREAKING: Ted Cruz, amidst suspending his campaign, has just chosen his Secretary of State.",2016-05-04T00:40:23.000Z,"{""type"":""Point"",""coordinates"":[-80.33324946,25.77298879]}",Tweetbot for iŒüS,"{""type"":""Point"",""coordinates"":[25.77298879,-80.33324946]}"
ObjectId(5729456de6ad0c093caad28d),"Pure coincidence here in Indiana when Trump won primary (@ City of Mishawaka in Mishawaka, IN) https://t.co/8gBHhy2pdO",2016-05-04T00:42:22.000Z,"{""type"":""Point"",""coordinates"":[-86.15762562,41.66223437]}",Foursquare,"{""type"":""Point"",""coordinates"":[41.66223437,-86.15762562]}"
ObjectId(57294581e6ad0c093caad28e),"""@Enrique_Acevedo: Trump rebasa los mil delegados y se consolida como el favorito indiscutible para ganar la candidatura republicana. Noooo!",2016-05-04T00:42:42.000Z,"{""type"":""Point"",""coordinates"":[-99.568448,19.3301975]}",Twitter for Android,"{""type"":""Point"",""coordinates"":[19.3301975,-99.568448]}"
ObjectId(57294598e6ad0c093caad28f),"@realDonaldTrump 
TRUMP WINS!
THE UNSTOPPABLE TRUMP!
2016!",2016-05-04T00:43:04.000Z,"{""type"":""Point"",""coordinates"":[-115.1536121,36.1453738]}",Twitter for Android,"{""type"":""Point"",""coordinates"":[36.1453738,-115.1536121]}"
ObjectId(57294598e6ad0c093caad290),"'Ted Cruz' empieza a ser Tendencia, con 191155 tweets, ocupando la 15¬™ posici√≥n en Chile. M√°s en https://t.co/xGRvgIQjMk #trndnl",2016-05-04T00:43:04.000Z,"{""type"":""Point"",""coordinates"":[-70.6479,-33.463]}",Es Tendencia en Chile,"{""type"":""Point"",""coordinates"":[-33.463,-70.6479]}"
ObjectId(572945e7e6ad0c093caad291),"Ted Cruz is gonna be on Trump's bandwagon next week. @ Baltimore,‚Ä¶ https://t.co/yLlnNabzhl",2016-05-04T00:44:24.000Z,"{""type"":""Point"",""coordinates"":[-76.6125,39.2903]}",Instagram,"{""type"":""Point"",""coordinates"":[39.2903,-76.6125]}"
ObjectId(5729461ae6ad0c093caad292),Cruz dropped out of the presidential race and I'm over here eating sushi for the 4th day in a row. Don't change... https://t.co/hcJrBsJs1C,2016-05-04T00:45:15.000Z,"{""type"":""Point"",""coordinates"":[-118.41094494,34.14555278]}",Foursquare,"{""type"":""Point"",""coordinates"":[34.14555278,-118.41094494]}"
ObjectId(5729461ee6ad0c093caad293),Ted Cruz desistiu da corrida presidencial. √â s√≥ sobrou o retardado do Trump agora.,2016-05-04T00:45:19.000Z,"{""type"":""Point"",""coordinates"":[-46.69654137,-23.63277765]}",Talon (Plus),"{""type"":""Point"",""coordinates"":[-23.63277765,-46.69654137]}"
ObjectId(57294694e6ad0c093caad294),"Menino Ted Cruz caiu fora. √â isso, produ√ß√£o?",2016-05-04T00:47:17.000Z,"{""type"":""Point"",""coordinates"":[-43.4397148,-23.0098659]}",Twitter for Android,"{""type"":""Point"",""coordinates"":[-23.0098659,-43.4397148]}"
ObjectId(57294698e6ad0c093caad295),Cruz.  You're Fired.,2016-05-04T00:47:21.000Z,"{""type"":""Point"",""coordinates"":[-79.5392026,40.2909693]}",Twitter for Android,"{""type"":""Point"",""coordinates"":[40.2909693,-79.5392026]}"
ObjectId(572946d2e6ad0c093caad296),We are screwed trump or Clinton,2016-05-04T00:48:19.000Z,"{""type"":""Point"",""coordinates"":[-82.70057358,27.78467071]}",Twitter for Android Tablets,"{""type"":""Point"",""coordinates"":[27.78467071,-82.70057358]}"
ObjectId(572946ece6ad0c093caad297),Nah you just gonna see me slappin Wypipo that try it with me RT @tysofly: Y'all still gonna move to Canada this fall if Trump wins?,2016-05-04T00:48:44.000Z,"{""type"":""Point"",""coordinates"":[-95.364558,29.744486]}",Tweetlogix,"{""type"":""Point"",""coordinates"":[29.744486,-95.364558]}"
ObjectId(57294713e6ad0c093caad298),"Just posted a photo @ R√≠o Gallegos, Santa Cruz https://t.co/nfrtaF1oGn",2016-05-04T00:49:23.000Z,"{""type"":""Point"",""coordinates"":[-69.21666667,-51.63333333]}",Instagram,"{""type"":""Point"",""coordinates"":[-51.63333333,-69.21666667]}"
ObjectId(57294792e6ad0c093caad299),Last man in still standing after Cruz is out. Here John Kasich got a powerful endorsement from‚Ä¶ https://t.co/ExSCw5IX4n,2016-05-04T00:51:30.000Z,"{""type"":""Point"",""coordinates"":[-82.9833,39.9833]}",Instagram,"{""type"":""Point"",""coordinates"":[39.9833,-82.9833]}"
ObjectId(572947a9e6ad0c093caad29a),Republican Ted Cruz announced he is suspending his campaign for president on Tuesday.,2016-05-04T00:51:54.000Z,"{""type"":""Point"",""coordinates"":[-80.1713,26.5763]}",Twitter for BlackBerry,"{""type"":""Point"",""coordinates"":[26.5763,-80.1713]}"
ObjectId(572947b4e6ad0c093caad29b),Trend Alert: 'Ted Cruz'. More trends at https://t.co/LZ0lSnKin9 #trndnl https://t.co/C9f1UcYevo,2016-05-04T00:52:04.000Z,"{""type"":""Point"",""coordinates"":[82.7948,21.7866]}",Trends from India,"{""type"":""Point"",""coordinates"":[21.7866,82.7948]}"
ObjectId(572947b4e6ad0c093caad29c),'Ted Cruz' acaba de convertirse en TT ocupando la 6¬™ posici√≥n en Rep√∫blica Dominicana #trndnl https://t.co/xAGWM7iquo,2016-05-04T00:52:05.000Z,"{""type"":""Point"",""coordinates"":[-69.9405,18.4867]}",Es Tendencia en Dominicana,"{""type"":""Point"",""coordinates"":[18.4867,-69.9405]}"
ObjectId(572947b6e6ad0c093caad29d),'Ted Cruz' acaba de convertirse en TT ocupando la 9¬™ posici√≥n en Colombia. M√°s en https://t.co/cSmLh2Ssg4 #trndnl https://t.co/QFM0xqbZj5,2016-05-04T00:52:07.000Z,"{""type"":""Point"",""coordinates"":[-74.1178,4.6564]}",Es Tendencia en Colombia,"{""type"":""Point"",""coordinates"":[4.6564,-74.1178]}"
ObjectId(572947b7e6ad0c093caad29e),'Ted Cruz' acaba de convertirse en TT ocupando la 9¬™ posici√≥n en Per√∫. M√°s en https://t.co/L3yjxLmNVJ #trndnl https://t.co/cPANfLmRFT,2016-05-04T00:52:08.000Z,"{""type"":""Point"",""coordinates"":[-77.0212,-12.0436]}",Es Tendencia en Per√∫,"{""type"":""Point"",""coordinates"":[-12.0436,-77.0212]}"
ObjectId(572947b8e6ad0c093caad29f),'Ted Cruz' acaba de convertirse en TT ocupando la 6¬™ posici√≥n en Guatemala. M√°s en https://t.co/2CJZEbHiZV #trndnl https://t.co/E5AcDg31lY,2016-05-04T00:52:09.000Z,"{""type"":""Point"",""coordinates"":[-90.5249,14.618]}",Es Tendencia en Guatemala,"{""type"":""Point"",""coordinates"":[14.618,-90.5249]}"
ObjectId(572947b9e6ad0c093caad2a0),üò™üò™üò™  https://t.co/y3gM4HD3y2,2016-05-04T00:52:10.000Z,"{""type"":""Point"",""coordinates"":[-74.1430348,40.9195255]}",Talon Plus,"{""type"":""Point"",""coordinates"":[40.9195255,-74.1430348]}"
ObjectId(572947dae6ad0c093caad2a1),"So our next presidential election is gonna be between Hillary and Trump. God help us!! Are we all being ""Punked?""",2016-05-04T00:52:43.000Z,"{""type"":""Point"",""coordinates"":[-84.94242938,38.10886366]}",Twitter for iPhone,"{""type"":""Point"",""coordinates"":[38.10886366,-84.94242938]}"
ObjectId(572947fbe6ad0c093caad2a2),RAAAH! Ted Cruz drops OUT of Republican presidential race.,2016-05-04T00:53:16.000Z,"{""type"":""Point"",""coordinates"":[36.8127463,-1.3078421]}",Twitter for Android,"{""type"":""Point"",""coordinates"":[-1.3078421,36.8127463]}"
ObjectId(57294803e6ad0c093caad2a3),"beer, baseball and Ted Cruz is no longer a presidential candidate #America #goastros https://t.co/VC1hUU2JVT",2016-05-04T00:53:24.000Z,"{""type"":""Point"",""coordinates"":[-95.35593169,29.75729706]}",Tweetbot for iŒüS,"{""type"":""Point"",""coordinates"":[29.75729706,-95.35593169]}"
ObjectId(57294809e6ad0c093caad2a4),"But did Ted Cruz actually know the Republican Party?
 https://t.co/6ZLPmvH9Nd",2016-05-04T00:53:30.000Z,"{""type"":""Point"",""coordinates"":[-97.05572641,47.87403601]}",Tweetbot for iŒüS,"{""type"":""Point"",""coordinates"":[47.87403601,-97.05572641]}"
ObjectId(57294838e6ad0c093caad2a5),Ted Cruz can go stand behind Donald Trump with Chris Christie now,2016-05-04T00:54:17.000Z,"{""type"":""Point"",""coordinates"":[-88.2178921,41.7901638]}",Twitter for Android,"{""type"":""Point"",""coordinates"":[41.7901638,-88.2178921]}"
ObjectId(57294895e6ad0c093caad2a6),"You would think that the media would shut up their negativity for just once. 
Donald Trump  won! Cruz lost! Get over it!",2016-05-04T00:55:50.000Z,"{""type"":""Point"",""coordinates"":[-115.2939449,36.2340115]}",Twitter for Android,"{""type"":""Point"",""coordinates"":[36.2340115,-115.2939449]}"
ObjectId(572948dfe6ad0c093caad2a7),'Ted Cruz' acaba de convertirse en TT ocupando la 8¬™ posici√≥n en Venezuela. M√°s en https://t.co/TZZWvFfY1p #trndnl https://t.co/cL4uJbkHTR,2016-05-04T00:57:04.000Z,"{""type"":""Point"",""coordinates"":[-66.8983,10.496]}",Es Tendencia en Venezuela,"{""type"":""Point"",""coordinates"":[10.496,-66.8983]}"
ObjectId(572948e6e6ad0c093caad2a8),Trend Alert: 'Ted Cruz'. More trends at https://t.co/IvleifByXY #trndnl https://t.co/3KpCpvak1f,2016-05-04T00:57:11.000Z,"{""type"":""Point"",""coordinates"":[-77.029,38.8991]}",Trendinalia USA,"{""type"":""Point"",""coordinates"":[38.8991,-77.029]}"
ObjectId(5729492de6ad0c093caad2a9),Mr. Burns? https://t.co/AlpwQCO561,2016-05-04T00:58:22.000Z,"{""type"":""Point"",""coordinates"":[-76.62612794,40.28828829]}",TweetCaster for Android,"{""type"":""Point"",""coordinates"":[40.28828829,-76.62612794]}"
ObjectId(5729492ee6ad0c093caad2aa),"Noite de confraterniza√ß√£o 
#effontheroad @ Choperia Cruz de Malta https://t.co/7YNun8tauz",2016-05-04T00:58:23.000Z,"{""type"":""Point"",""coordinates"":[-52.3467484,-31.7788601]}",Instagram,"{""type"":""Point"",""coordinates"":[-31.7788601,-52.3467484]}"
ObjectId(57294991e6ad0c093caad2ab),"#Trump in 2016 Temp:Crab Orchard, Ky."":57.2¬∞F Wind:0.0mph Pressure: 29.88hpa Falling slowly Rain Today 0.00in.  Forecast: Unsettled, precip",2016-05-04T01:00:02.000Z,"{""type"":""Point"",""coordinates"":[-84.51194444,37.47472222]}",Sandaysoft Cumulus,"{""type"":""Point"",""coordinates"":[37.47472222,-84.51194444]}"
ObjectId(57294994e6ad0c093caad2ac),"6. #ElCaso8
7. #AlliAbajo12
8. Mourinho
9. Whiteside
10. Ted Cruz

2016/5/4 02:53 CEST #trndnl https://t.co/K5DFqqcseW",2016-05-04T01:00:05.000Z,"{""type"":""Point"",""coordinates"":[-3.7058,40.4203]}",Es Tendencia en Espa√±a,"{""type"":""Point"",""coordinates"":[40.4203,-3.7058]}"
ObjectId(5729499ee6ad0c093caad2ad),"6. Bayern
7. Base Naval del Callao
8. Atl√©tico
9. Guardiola
10. Ted Cruz

2016/5/3 19:54 PET #trndnl https://t.co/L3yjxLmNVJ",2016-05-04T01:00:15.000Z,"{""type"":""Point"",""coordinates"":[-77.0212,-12.0436]}",Es Tendencia en Per√∫,"{""type"":""Point"",""coordinates"":[-12.0436,-77.0212]}"
ObjectId(572949a0e6ad0c093caad2ae),"1. #MtvChallengeLeche
2. Bayern
3. Ted Cruz
4. #MujerGordaMujerInservible
5. Quinta Samayoa

2016/5/3 18:54 CST https://t.co/2CJZEbHiZV",2016-05-04T01:00:17.000Z,"{""type"":""Point"",""coordinates"":[-90.5249,14.618]}",Es Tendencia en Guatemala,"{""type"":""Point"",""coordinates"":[14.618,-90.5249]}"
ObjectId(572949a8e6ad0c093caad2af),If trump gets in this whole country will go down the tubes #Trump2016,2016-05-04T01:00:25.000Z,"{""type"":""Point"",""coordinates"":[-75.0119869,40.1626388]}",Twitter for Android,"{""type"":""Point"",""coordinates"":[40.1626388,-75.0119869]}"
ObjectId(572949ace6ad0c093caad2b0),"1. Bayern
2. Ted Cruz
3. #HIPHOPRIDE
4. #MatthewTheunissen
5. #MetGala

2016/5/4 02:53 SAST #trndnl https://t.co/I3Pws3WfVi",2016-05-04T01:00:29.000Z,"{""type"":""Point"",""coordinates"":[24.677,-28.4832]}",South Africa Trends,"{""type"":""Point"",""coordinates"":[-28.4832,24.677]}"
ObjectId(57294a0de6ad0c093caad2b1),#Cruz nur ein Trend auf dem 5. Platz in Deutschland werden #trndnl https://t.co/TJuKP6LP4N,2016-05-04T01:02:06.000Z,"{""type"":""Point"",""coordinates"":[13.377,52.5161]}",Deutschland in Trends,"{""type"":""Point"",""coordinates"":[52.5161,13.377]}"
ObjectId(57294a16e6ad0c093caad2b2),"@Fishgot2swim @MSNBC Trump has dismantled the GOP coalitions. The air time given to him is about ratings but, also to jack hammer GOP.",2016-05-04T01:02:14.000Z,"{""type"":""Point"",""coordinates"":[-80.05632,40.36779667]}",Twitter for Windows Phone,"{""type"":""Point"",""coordinates"":[40.36779667,-80.05632]}"
ObjectId(57294aa7e6ad0c093caad2b3),"I'm at Banco Ita√∫ in Vera Cruz, Bahia https://t.co/5fnBVceaOZ",2016-05-04T01:04:40.000Z,"{""type"":""Point"",""coordinates"":[-38.60641258,-12.96162308]}",Foursquare,"{""type"":""Point"",""coordinates"":[-12.96162308,-38.60641258]}"
ObjectId(57294ab4e6ad0c093caad2b4),#Trump -- from the Apprentice to Apparent republican Nominee --- one‚Ä¶ https://t.co/rV2DyAmc1y,2016-05-04T01:04:53.000Z,"{""type"":""Point"",""coordinates"":[-73.82762222,40.87182778]}",Instagram,"{""type"":""Point"",""coordinates"":[40.87182778,-73.82762222]}"
ObjectId(57294abfe6ad0c093caad2b5),NOW: Ted Cruz addresses supporters after Indiana primary loss https://t.co/HWNpJpj0OJ,2016-05-04T01:05:04.000Z,"{""type"":""Point"",""coordinates"":[-71.0552516,42.3561185]}",dlvr.it,"{""type"":""Point"",""coordinates"":[42.3561185,-71.0552516]}"
ObjectId(57294abfe6ad0c093caad2b6),CNN reporting Ted Cruz will drop out of the 2016 presidential race | WATCH LIVE https://t.co/lseNmj8hNs,2016-05-04T01:05:04.000Z,"{""type"":""Point"",""coordinates"":[-82.99527267,39.96378925]}",dlvr.it,"{""type"":""Point"",""coordinates"":[39.96378925,-82.99527267]}"
ObjectId(57294abfe6ad0c093caad2b7),Ted Cruz drops out of presidential race ¬ª https://t.co/75PvFZ6aKb,2016-05-04T01:05:04.000Z,"{""type"":""Point"",""coordinates"":[-80.84079342,35.22483977]}",dlvr.it,"{""type"":""Point"",""coordinates"":[35.22483977,-80.84079342]}"
ObjectId(57294ac0e6ad0c093caad2b8),Ted Cruz is suspending his presidential campaign. Watch live https://t.co/ZsgAHxGD6U,2016-05-04T01:05:05.000Z,"{""type"":""Point"",""coordinates"":[-71.0552516,42.3561185]}",dlvr.it,"{""type"":""Point"",""coordinates"":[42.3561185,-71.0552516]}"
ObjectId(57294ac0e6ad0c093caad2b9),"Cruz drops out of race, clears way for Trump GOP nomination. Donald J. Trump https://t.co/GawNdsitf2",2016-05-04T01:05:05.000Z,"{""type"":""Point"",""coordinates"":[-80.84079342,35.22483977]}",dlvr.it,"{""type"":""Point"",""coordinates"":[35.22483977,-80.84079342]}"
ObjectId(57294afce6ad0c093caad2ba),"Texas Sen. Ted Cruz drops out of presidential race, according to KVUE's partners at USA TODAY. https://t.co/V2SVhO1jzG",2016-05-04T01:06:05.000Z,"{""type"":""Point"",""coordinates"":[-97.74361687,30.26960519]}",dlvr.it,"{""type"":""Point"",""coordinates"":[30.26960519,-97.74361687]}"
ObjectId(57294b1be6ad0c093caad2bb),"@alexzalbertz99 @alexzalbertz99 and @alexzalbertz99. #Fucktrump""@tagtuesdays: tag someone who hates donald trump with all of their heart üíÄ""",2016-05-04T01:06:36.000Z,"{""type"":""Point"",""coordinates"":[-97.3217721,37.6626332]}",Twitter for Android,"{""type"":""Point"",""coordinates"":[37.6626332,-97.3217721]}"
ObjectId(57294b28e6ad0c093caad2bc),"I'm really upset about Cruz, so many future memes gone to waste",2016-05-04T01:06:48.000Z,"{""type"":""Point"",""coordinates"":[-76.9776725,40.2122217]}",Twitter for Android,"{""type"":""Point"",""coordinates"":[40.2122217,-76.9776725]}"
ObjectId(57294b64e6ad0c093caad2bd),Ted Cruz dropped out of GOP race thank God,2016-05-04T01:07:49.000Z,"{""type"":""Point"",""coordinates"":[-81.547568,30.3604402]}",Twitter for Android,"{""type"":""Point"",""coordinates"":[30.3604402,-81.547568]}"
ObjectId(57294bf0e6ad0c093caad2be),I just don't think I can vote for Trump come November. My conscience just won't allow me to do it. I'll be writing someone in. #politics,2016-05-04T01:10:09.000Z,"{""type"":""Point"",""coordinates"":[-83.9046,33.0059]}",Twitter for BlackBerry,"{""type"":""Point"",""coordinates"":[33.0059,-83.9046]}"
ObjectId(57294c38e6ad0c093caad2bf),@Writeintrump Save some for Trump in November.,2016-05-04T01:11:21.000Z,"{""type"":""Point"",""coordinates"":[-85.29005086,39.47155001]}",Twitter for iPhone,"{""type"":""Point"",""coordinates"":[39.47155001,-85.29005086]}"
ObjectId(57294c48e6ad0c093caad2c0),"I'm at Vera Cruz in Ilha de Itaparica, Bahia https://t.co/JZwLuq8Ghc",2016-05-04T01:11:37.000Z,"{""type"":""Point"",""coordinates"":[-38.60783698,-12.95844116]}",Foursquare,"{""type"":""Point"",""coordinates"":[-12.95844116,-38.60783698]}"
ObjectId(57294c53e6ad0c093caad2c1),"@genius_blond I like Donald Trump way more than Ted Cruz, but now Hillary destroys Donald. Sooo yeah. Place your bets!",2016-05-04T01:11:47.000Z,"{""type"":""Point"",""coordinates"":[-60.18919952,46.11382319]}",Twidere for Android #5,"{""type"":""Point"",""coordinates"":[46.11382319,-60.18919952]}"
ObjectId(57294c83e6ad0c093caad2c2),I'm at santa cruz https://t.co/Hx0X0jd0JS,2016-05-04T01:12:36.000Z,"{""type"":""Point"",""coordinates"":[-93.10974729,16.78308345]}",Foursquare,"{""type"":""Point"",""coordinates"":[16.78308345,-93.10974729]}"
ObjectId(57294c84e6ad0c093caad2c3),üòí RT @CNN: #Breaking: Ted Cruz drops out of the 2016 presidential race https://t.co/lqG3scsHRK https://t.co/5zRJYLZmyy,2016-05-04T01:12:37.000Z,"{""type"":""Point"",""coordinates"":[-86.231897,39.834273]}",Tweetlogix,"{""type"":""Point"",""coordinates"":[39.834273,-86.231897]}"
ObjectId(57294ce6e6ad0c093caad2c4),"Feriaaaaaaa! (@ Parroquia, Santa Cruz de Jerusal√©n in Mexico, d.f., M√©xico) https://t.co/ofx5RVZBhC",2016-05-04T01:14:15.000Z,"{""type"":""Point"",""coordinates"":[-99.16114261,19.3697989]}",Foursquare,"{""type"":""Point"",""coordinates"":[19.3697989,-99.16114261]}"
ObjectId(57294d14e6ad0c093caad2c5),"#Trump in 2016 Temp:Crab Orchard, Ky."":57.0¬∞F Wind:1.6mph Pressure: 29.88hpa Falling slowly Rain Today 0.00in.  Forecast: Unsettled, precip",2016-05-04T01:15:01.000Z,"{""type"":""Point"",""coordinates"":[-84.51194444,37.47472222]}",Sandaysoft Cumulus,"{""type"":""Point"",""coordinates"":[37.47472222,-84.51194444]}"
ObjectId(57294d1ae6ad0c093caad2c6),"√â muito amor nessa fam√≠lia que atende pelo sobrenome EFF
#effontheroad @ Choperia Cruz de Malta https://t.co/QoY2qxSPLE",2016-05-04T01:15:07.000Z,"{""type"":""Point"",""coordinates"":[-52.3467484,-31.7788601]}",Instagram,"{""type"":""Point"",""coordinates"":[-31.7788601,-52.3467484]}"
ObjectId(57294d1de6ad0c093caad2c7),AP: Ted Cruz to drop out of race after Indiana loss https://t.co/LT1UCr7WEG,2016-05-04T01:15:09.000Z,"{""type"":""Point"",""coordinates"":[-87.62626724,41.88804564]}",dlvr.it,"{""type"":""Point"",""coordinates"":[41.88804564,-87.62626724]}"
ObjectId(57294d4fe6ad0c093caad2c8),"Trump campaigned his tail off in Indiana this past week, Not sure Hillary even made a stop and she got clipped by Bernie tonight on Dem side",2016-05-04T01:15:59.000Z,"{""type"":""Point"",""coordinates"":[-87.3839879,39.43721434]}",Twitter for iPhone,"{""type"":""Point"",""coordinates"":[39.43721434,-87.3839879]}"
ObjectId(57294d99e6ad0c093caad2c9),@David_Gergen @CNN Trump crushed 16 other Rep candidates and was out spent 10-1. He will crush Hillary in November. #NomoreClintons,2016-05-04T01:17:14.000Z,"{""type"":""Point"",""coordinates"":[-77.16271556,38.92115615]}",Twitter for iPhone,"{""type"":""Point"",""coordinates"":[38.92115615,-77.16271556]}"
ObjectId(57294d99e6ad0c093caad2ca),'Trump' acaba de convertirse en TT ocupando la 3¬™ posici√≥n en Puerto Rico. M√°s en https://t.co/Q2h6KsMyr0 #trndnl https://t.co/VJr8NBEMAz,2016-05-04T01:17:14.000Z,"{""type"":""Point"",""coordinates"":[-66.4289,18.2233]}",Trendinalia Puerto Rico,"{""type"":""Point"",""coordinates"":[18.2233,-66.4289]}"
ObjectId(57294dece6ad0c093caad2cb),"Ha!!! ""We're gonna win bigly.- Trump",2016-05-04T01:18:36.000Z,"{""type"":""Point"",""coordinates"":[-90.0779942,29.9217865]}",Twitter for Android,"{""type"":""Point"",""coordinates"":[29.9217865,-90.0779942]}"
ObjectId(57294e07e6ad0c093caad2cc),Holy shit lmaoo https://t.co/995QxZDnaM,2016-05-04T01:19:04.000Z,"{""type"":""Point"",""coordinates"":[-80.83788794,41.79326453]}",Tweetbot for iŒüS,"{""type"":""Point"",""coordinates"":[41.79326453,-80.83788794]}"
ObjectId(57294e0be6ad0c093caad2cd),"AP source:.Ted Cruz ends presidential campaign, clearing Donald Trump's path to Republican nomination. https://t.co/MWovzBusRg",2016-05-04T01:19:08.000Z,"{""type"":""Point"",""coordinates"":[-115.13946676,36.16144999]}",dlvr.it,"{""type"":""Point"",""coordinates"":[36.16144999,-115.13946676]}"
ObjectId(57294e0ee6ad0c093caad2ce),Ted Cruz abandonne la course √† la Maison-Blanche https://t.co/YA6coZ0xXX,2016-05-04T01:19:10.000Z,"{""type"":""Point"",""coordinates"":[-73.57086325,45.50644992]}",dlvr.it,"{""type"":""Point"",""coordinates"":[45.50644992,-73.57086325]}"
ObjectId(57294e44e6ad0c093caad2cf),"6. #MujerGordaMujerInservible
7. Bayern
8. Cerro de la Cruz
9. Lady Matem√°ticas
10. America's Got Talent

2016/5/3 20:18 CDT",2016-05-04T01:20:04.000Z,"{""type"":""Point"",""coordinates"":[-99.1329,19.4319]}",Trendinalia M√©xico,"{""type"":""Point"",""coordinates"":[19.4319,-99.1329]}"
ObjectId(57294e45e6ad0c093caad2d0),"AP source:.Ted Cruz ends presidential campaign, clearing Donald Trump's path to Republican nomination. https://t.co/LZDrGGZ1YS",2016-05-04T01:20:06.000Z,"{""type"":""Point"",""coordinates"":[-86.15650321,39.76690667]}",dlvr.it,"{""type"":""Point"",""coordinates"":[39.76690667,-86.15650321]}"
ObjectId(57294e45e6ad0c093caad2d1),Most discussed topic in Boston right now: Ted Cruz https://t.co/i9qTK6xj9n,2016-05-04T01:20:06.000Z,"{""type"":""Point"",""coordinates"":[-71.0552516,42.3561185]}",dlvr.it,"{""type"":""Point"",""coordinates"":[42.3561185,-71.0552516]}"
ObjectId(57294e45e6ad0c093caad2d2),"1. #AlgoOrdinarioEsCuando
2. Ted Cruz
3. Trump
4. #FSRadioChile
5. Vidal

2016/5/3 21:14 CLT #trndnl https://t.co/xGRvgIQjMk",2016-05-04T01:20:06.000Z,"{""type"":""Point"",""coordinates"":[-70.6479,-33.463]}",Es Tendencia en Chile,"{""type"":""Point"",""coordinates"":[-33.463,-70.6479]}"
ObjectId(57294e45e6ad0c093caad2d3),Ted Cruz drops out of the GOP presidential race. @wjxt4 https://t.co/PopdzExEOb,2016-05-04T01:20:06.000Z,"{""type"":""Point"",""coordinates"":[-81.65339546,30.32633066]}",dlvr.it,"{""type"":""Point"",""coordinates"":[30.32633066,-81.65339546]}"
ObjectId(57294e46e6ad0c093caad2d4),"1. Ted Cruz
2. #BayernAtleti
3. #HBDTrisha
4. #GLvDD
5. #AeRaju

2016/5/4 06:44 IST #trndnl https://t.co/LZ0lSnKin9",2016-05-04T01:20:07.000Z,"{""type"":""Point"",""coordinates"":[82.7948,21.7866]}",Trends from India,"{""type"":""Point"",""coordinates"":[21.7866,82.7948]}"
ObjectId(57294e49e6ad0c093caad2d5),"1. #MujerGordaMujerInservible
2. #MtvChallengeLeche
3. Ted Cruz
4. Ingrid Betancourt
5. Bayern

2016/5/3 20:14 COT https://t.co/cSmLh2Ssg4",2016-05-04T01:20:10.000Z,"{""type"":""Point"",""coordinates"":[-74.1178,4.6564]}",Es Tendencia en Colombia,"{""type"":""Point"",""coordinates"":[4.6564,-74.1178]}"
ObjectId(57294e5de6ad0c093caad2d6),"6. #WPFD2016
7. #GrowingUpRabun
8. Claire Danes
9. #ARMYSelcaDay
10. Donald Trump

2016/5/4 09:18 MYT #trndnl https://t.co/3ZpGNCIaQz",2016-05-04T01:20:30.000Z,"{""type"":""Point"",""coordinates"":[114.4017,3.9451]}",Malaysia Trends,"{""type"":""Point"",""coordinates"":[3.9451,114.4017]}"
ObjectId(57294e5ee6ad0c093caad2d7),"1. Ted Cruz
2. #TheFlash
3. #VoiceSaveNick
4. #BGC15
5. #RuinPromIn4Words

2016/5/3 20:14 CDT #trndnl https://t.co/IvleifByXY",2016-05-04T01:20:31.000Z,"{""type"":""Point"",""coordinates"":[-77.029,38.8991]}",Trendinalia USA,"{""type"":""Point"",""coordinates"":[38.8991,-77.029]}"
ObjectId(57294e5fe6ad0c093caad2d8),"1. #MamiMeDecia
2. Ted Cruz
3. Trump
4. Raymond
5. Bayern

2016/5/3 21:14 AST #trndnl https://t.co/Q2h6KsMyr0",2016-05-04T01:20:32.000Z,"{""type"":""Point"",""coordinates"":[-66.4289,18.2233]}",Trendinalia Puerto Rico,"{""type"":""Point"",""coordinates"":[18.2233,-66.4289]}"
ObjectId(57294e61e6ad0c093caad2d9),Cruz campaign Mgr Jeff Roe says he is ending his campaign for president. https://t.co/9Gnj3qdu87,2016-05-04T01:20:34.000Z,"{""type"":""Point"",""coordinates"":[-96.77401775,32.79755357]}",dlvr.it,"{""type"":""Point"",""coordinates"":[32.79755357,-96.77401775]}"
ObjectId(57294e63e6ad0c093caad2da),WATCH LIVE: AP: Ted Cruz to drop out of presidential race abc13 https://t.co/OfEuqYXLCn,2016-05-04T01:20:35.000Z,"{""type"":""Point"",""coordinates"":[-95.3618441,29.75523769]}",dlvr.it,"{""type"":""Point"",""coordinates"":[29.75523769,-95.3618441]}"
ObjectId(57294e63e6ad0c093caad2db),"Ted Cruz ends presidential campaign. ‚ÄúWith a heavy heart‚Ä¶we are suspending our campaign."" https://t.co/ac98WjwL8Z",2016-05-04T01:20:36.000Z,"{""type"":""Point"",""coordinates"":[-95.3618441,29.75523769]}",dlvr.it,"{""type"":""Point"",""coordinates"":[29.75523769,-95.3618441]}"
ObjectId(57294e63e6ad0c093caad2dc),"Ted Cruz drops out of the GOP presidential race, AP reports https://t.co/LdDwU9xpT7",2016-05-04T01:20:36.000Z,"{""type"":""Point"",""coordinates"":[-96.77401775,32.79755357]}",dlvr.it,"{""type"":""Point"",""coordinates"":[32.79755357,-96.77401775]}"
ObjectId(57294e64e6ad0c093caad2dd),"RNC Chair Reince Priebus Priebus says Trump ""will be"" presumptive GOP nominee, calls for unity against Hillary‚Ä¶ https://t.co/ac98WjwL8Z",2016-05-04T01:20:37.000Z,"{""type"":""Point"",""coordinates"":[-95.3618441,29.75523769]}",dlvr.it,"{""type"":""Point"",""coordinates"":[29.75523769,-95.3618441]}"
ObjectId(57294e66e6ad0c093caad2de),Ted Cruz suspends presidential campaign following Indiana primary loss https://t.co/1Ogon8YkSX,2016-05-04T01:20:38.000Z,"{""type"":""Point"",""coordinates"":[-106.4855885,31.76017093]}",dlvr.it,"{""type"":""Point"",""coordinates"":[31.76017093,-106.4855885]}"
ObjectId(57294e66e6ad0c093caad2df),Ted Cruz is suspending GOP presidential campaign: LiveOnKFOX14 https://t.co/gtQbARkDBU,2016-05-04T01:20:39.000Z,"{""type"":""Point"",""coordinates"":[-106.4855885,31.76017093]}",dlvr.it,"{""type"":""Point"",""coordinates"":[31.76017093,-106.4855885]}"
ObjectId(57294fbce6ad0c093caad2e0),@NolteNC It seems #NeverTrump is getting bigger. Trump needs 40 million more voters.... Good luck with that.,2016-05-04T01:26:21.000Z,"{""type"":""Point"",""coordinates"":[-85.29001743,39.47157738]}",Twitter for iPhone,"{""type"":""Point"",""coordinates"":[39.47157738,-85.29001743]}"
ObjectId(57294fc6e6ad0c093caad2e1),I honestly want to see Trump v. Sanders instead of Hillary.,2016-05-04T01:26:31.000Z,"{""type"":""Point"",""coordinates"":[-89.35083492,35.04058514]}",Tweetbot for iŒüS,"{""type"":""Point"",""coordinates"":[35.04058514,-89.35083492]}"
ObjectId(5729503fe6ad0c093caad2e2),"Um, Trump, the GOP doesn't believe in infrastructure improvements OR Veterans benefits. Check with yr Congress.",2016-05-04T01:28:32.000Z,"{""type"":""Point"",""coordinates"":[-75.2072242,39.94594595]}",TweetCaster for Android,"{""type"":""Point"",""coordinates"":[39.94594595,-75.2072242]}"
ObjectId(57295095e6ad0c093caad2e3),@GrantAfseth ..Cruz dropped out.,2016-05-04T01:29:57.000Z,"{""type"":""Point"",""coordinates"":[-86.03808258,39.50704649]}",Twitter for Android Tablets,"{""type"":""Point"",""coordinates"":[39.50704649,-86.03808258]}"
ObjectId(57295098e6ad0c093caad2e4),"#Trump in 2016 Temp:Crab Orchard, Ky."":56.8¬∞F Wind:0.0mph Pressure: 29.88hpa Falling slowly Rain Today 0.00in.  Forecast: Unsettled, precip",2016-05-04T01:30:01.000Z,"{""type"":""Point"",""coordinates"":[-84.51194444,37.47472222]}",Sandaysoft Cumulus,"{""type"":""Point"",""coordinates"":[37.47472222,-84.51194444]}"
ObjectId(572950dde6ad0c093caad2e5),It is about to get real! Cruz is out and Trump is likely to be the GOP candidate! Have a green‚Ä¶ https://t.co/yxqoWvC77Y,2016-05-04T01:31:10.000Z,"{""type"":""Point"",""coordinates"":[-77.0438995,38.9034882]}",Instagram,"{""type"":""Point"",""coordinates"":[38.9034882,-77.0438995]}"
ObjectId(572950e9e6ad0c093caad2e6),Ted Cruz aka The Zodiac Killer dropping out is great because he is the only Republican worse than trump!!!!!!!!!!!!!!!!!!,2016-05-04T01:31:22.000Z,"{""type"":""Point"",""coordinates"":[-76.3096651,36.887543]}",Twitter for Android,"{""type"":""Point"",""coordinates"":[36.887543,-76.3096651]}"
ObjectId(57295117e6ad0c093caad2e7),Trend Alert: 'Ted Cruz'. More trends at https://t.co/OMCuQPRWwL #trndnl https://t.co/nFCbaK7Cqd,2016-05-04T01:32:07.000Z,"{""type"":""Point"",""coordinates"":[113.9174,0.1097]}",Indonesia Trends,"{""type"":""Point"",""coordinates"":[0.1097,113.9174]}"
ObjectId(57295117e6ad0c093caad2e8),Ted Cruz reportedly ending his presidential campaign. @CBS8 https://t.co/h4vyKFbpNS,2016-05-04T01:32:08.000Z,"{""type"":""Point"",""coordinates"":[-117.16627197,32.7143122]}",dlvr.it,"{""type"":""Point"",""coordinates"":[32.7143122,-117.16627197]}"
ObjectId(57295118e6ad0c093caad2e9),Ted Cruz is ending his presidential run https://t.co/aCtZV0kmY6,2016-05-04T01:32:09.000Z,"{""type"":""Point"",""coordinates"":[-117.16627197,32.7143122]}",dlvr.it,"{""type"":""Point"",""coordinates"":[32.7143122,-117.16627197]}"
ObjectId(5729511ae6ad0c093caad2ea),Cruz drops out of GOP primary after Indiana loss https://t.co/HbCz2XdZuk,2016-05-04T01:32:10.000Z,"{""type"":""Point"",""coordinates"":[-79.37536382,43.64842391]}",dlvr.it,"{""type"":""Point"",""coordinates"":[43.64842391,-79.37536382]}"
ObjectId(5729518de6ad0c093caad2eb),"@ShirlLeBaron @realDonaldTrump So which is the real Trump: the guy who praised Cruz, or the one who accused his dad of killing JFK?",2016-05-04T01:34:05.000Z,"{""type"":""Point"",""coordinates"":[-87.49794896,33.17437987]}",Tweetbot for iŒüS,"{""type"":""Point"",""coordinates"":[33.17437987,-87.49794896]}"
ObjectId(5729519ae6ad0c093caad2ec),"Thanks for dropping out Ted.
#Trump",2016-05-04T01:34:19.000Z,"{""type"":""Point"",""coordinates"":[-97.15415935,31.50135806]}",Twitter for iPhone,"{""type"":""Point"",""coordinates"":[31.50135806,-97.15415935]}"
ObjectId(572951c3e6ad0c093caad2ed),Trump mentions ministers pastors evangelicals Falwell. Big support. Does not mention rabbis and cantors,2016-05-04T01:34:59.000Z,"{""type"":""Point"",""coordinates"":[-75.176296,39.95854693]}",Twitter for iPhone,"{""type"":""Point"",""coordinates"":[39.95854693,-75.176296]}"
ObjectId(572951c8e6ad0c093caad2ee),"We are going to be able to say ""#MERRY CHRISTMAS AGAIN "" God bless The #USA God bless #Donald Trump",2016-05-04T01:35:05.000Z,"{""type"":""Point"",""coordinates"":[-81.8565732,26.4800571]}",Twitter for Android,"{""type"":""Point"",""coordinates"":[26.4800571,-81.8565732]}"
ObjectId(572951f1e6ad0c093caad2ef),"#LOL! What is wrong with that fool?! RT @ThePatriot143: Mark Levin: FNC a 'Trump Super PAC,' (cont) https://t.co/SxUyFiPI3b",2016-05-04T01:35:45.000Z,"{""type"":""Point"",""coordinates"":[-80.84802068,35.27927928]}",TweetCaster for Android,"{""type"":""Point"",""coordinates"":[35.27927928,-80.84802068]}"
ObjectId(572951fce6ad0c093caad2f0),"Winnipeg trends now: Fort McMurray, Brian Pallister, Ted Cruz, #mbpoli and #Census2016 https://t.co/uGVDPviE1z",2016-05-04T01:35:56.000Z,"{""type"":""Point"",""coordinates"":[-97.13954053,49.89034914]}",dlvr.it,"{""type"":""Point"",""coordinates"":[49.89034914,-97.13954053]}"
ObjectId(572951fce6ad0c093caad2f1),"¬°D√≠a de la Santa Cruz! üéâüçªüç§üåÆ (@ La Cervecer√≠a de Barrio in Cuauht√©moc, DF) https://t.co/9Bn2HAVOKS",2016-05-04T01:35:57.000Z,"{""type"":""Point"",""coordinates"":[-99.17461663,19.41103075]}",Foursquare,"{""type"":""Point"",""coordinates"":[19.41103075,-99.17461663]}"
ObjectId(57295202e6ad0c093caad2f2),"Las Vegas trends now: Ted Cruz, #TourismMatters, #CaneloKhan, #TeacherAppreciationDay and #MetGala https://t.co/Wmwf0F3fWI",2016-05-04T01:36:03.000Z,"{""type"":""Point"",""coordinates"":[-115.13946676,36.16144999]}",dlvr.it,"{""type"":""Point"",""coordinates"":[36.16144999,-115.13946676]}"
ObjectId(57295204e6ad0c093caad2f3),Ted Cruz drops out of 2016 presidential race KSATnews https://t.co/Bzsw5KwFfR,2016-05-04T01:36:05.000Z,"{""type"":""Point"",""coordinates"":[-98.48699646,29.42989111]}",dlvr.it,"{""type"":""Point"",""coordinates"":[29.42989111,-98.48699646]}"
ObjectId(57295205e6ad0c093caad2f4),"San Antonio trends now: Ted Cruz, #MetGala, #StrongerTogether, #TheFlash and #VoiceSaveNick https://t.co/uZV9sK7H9a",2016-05-04T01:36:06.000Z,"{""type"":""Point"",""coordinates"":[-98.48699646,29.42989111]}",dlvr.it,"{""type"":""Point"",""coordinates"":[29.42989111,-98.48699646]}"
ObjectId(57295205e6ad0c093caad2f5),"RNC Chair Reince Priebus Priebus says Trump ""will be"" presumptive GOP nominee, calls for unity against Hillary‚Ä¶ https://t.co/dvpilZa0EY",2016-05-04T01:36:06.000Z,"{""type"":""Point"",""coordinates"":[-112.09379298,33.46889822]}",dlvr.it,"{""type"":""Point"",""coordinates"":[33.46889822,-112.09379298]}"
ObjectId(57295207e6ad0c093caad2f6),Ted Cruz drops out of presidential race after Indiana loss 10TV https://t.co/KuaE2o0jRO,2016-05-04T01:36:07.000Z,"{""type"":""Point"",""coordinates"":[-82.99527267,39.96378925]}",dlvr.it,"{""type"":""Point"",""coordinates"":[39.96378925,-82.99527267]}"
ObjectId(57295207e6ad0c093caad2f7),"Ted Cruz announces he's suspending his presidential campaign, saying ""his path has been foreclosed."" https://t.co/CWcO6LHR2u",2016-05-04T01:36:07.000Z,"{""type"":""Point"",""coordinates"":[-77.03733586,38.90181532]}",dlvr.it,"{""type"":""Point"",""coordinates"":[38.90181532,-77.03733586]}"
ObjectId(57295207e6ad0c093caad2f8),"Ted Cruz suspends his presidential campaign, clearing the path for a Donald Trump nomination https://t.co/IyXtHVJJNO",2016-05-04T01:36:08.000Z,"{""type"":""Point"",""coordinates"":[-71.0552516,42.3561185]}",dlvr.it,"{""type"":""Point"",""coordinates"":[42.3561185,-71.0552516]}"
ObjectId(57295207e6ad0c093caad2f9),DECISION 2016: NBC News Projects Bernie Sanders Will Win Indiana Dem. Primary https://t.co/4ZRmySVttE,2016-05-04T01:36:08.000Z,"{""type"":""Point"",""coordinates"":[-77.03733586,38.90181532]}",dlvr.it,"{""type"":""Point"",""coordinates"":[38.90181532,-77.03733586]}"
ObjectId(57295209e6ad0c093caad2fa),"""I love each and every one of you,"" Ted Cruz said to supporters before suspending campaign https://t.co/OpUK3HXdgi",2016-05-04T01:36:10.000Z,"{""type"":""Point"",""coordinates"":[-71.0552516,42.3561185]}",dlvr.it,"{""type"":""Point"",""coordinates"":[42.3561185,-71.0552516]}"
ObjectId(5729522de6ad0c093caad2fb),"@rinkydnk2 @wood100stwa @STOPTHESTEAL  @cherokeesher2 @EricTrump Donnie just said Cruz was the most competive, honest ""liar"" he ever met.",2016-05-04T01:36:46.000Z,"{""type"":""Point"",""coordinates"":[-86.0850218,39.7065057]}",Twitter for Android,"{""type"":""Point"",""coordinates"":[39.7065057,-86.0850218]}"
ObjectId(57295242e6ad0c093caad2fc),Donald J. Trump addresses supporters after being projected winner in Indiana https://t.co/3XbknXn1Lh,2016-05-04T01:37:07.000Z,"{""type"":""Point"",""coordinates"":[-74.00001602,40.71669795]}",dlvr.it,"{""type"":""Point"",""coordinates"":[40.71669795,-74.00001602]}"
ObjectId(57295245e6ad0c093caad2fd),"""We're going to become one beautiful, loving country again""
Donald Trump",2016-05-04T01:37:10.000Z,"{""type"":""Point"",""coordinates"":[-115.1540876,36.1453116]}",Twitter for Android,"{""type"":""Point"",""coordinates"":[36.1453116,-115.1540876]}"
ObjectId(57295246e6ad0c093caad2fe),Did Trump just say bigly?  I just cannot get on the Trump train.  #help,2016-05-04T01:37:11.000Z,"{""type"":""Point"",""coordinates"":[-71.4520732,41.7635584]}",Twitter for Android,"{""type"":""Point"",""coordinates"":[41.7635584,-71.4520732]}"
ObjectId(5729526be6ad0c093caad2ff),"@michaelfarris @daveweigel But Hillary seems such a vulnerable candidate,America is one shock event from a Trump presidency.",2016-05-04T01:37:48.000Z,"{""type"":""Point"",""coordinates"":[36.7647983,-1.3967866]}",Twitter for Android,"{""type"":""Point"",""coordinates"":[-1.3967866,36.7647983]}"
ObjectId(5729527be6ad0c093caad300),What a strange part of the multiverse this is. Donald Trump is the republican party's choice to lead the largest military in history.,2016-05-04T01:38:04.000Z,"{""type"":""Point"",""coordinates"":[-118.208094,34.120561]}",TweetCaster for iOS,"{""type"":""Point"",""coordinates"":[34.120561,-118.208094]}"
ObjectId(57295296e6ad0c093caad301),Agora vai pegar fogo a corrida presidencial americana Donald Trump X Hilary Clinton o bicho vai‚Ä¶ https://t.co/KzX5xcgeMs,2016-05-04T01:38:30.000Z,"{""type"":""Point"",""coordinates"":[-43.2333,-22.9]}",Instagram,"{""type"":""Point"",""coordinates"":[-22.9,-43.2333]}"
